roi_ID,R,G,B,Schaeffer_Yeon_labels,halfpipe_labels,Schaeffer_Yeon_17_networks,halfpipe_17_networks
1,0.47059,0.070588,0.5352941666666667,17Networks_LH_VisCent_ExStr_1,17Networks_LH_VisCent_ExStr_1,VisCent,VisCent
2,0.47059,0.070588,0.5352941666666667,17Networks_LH_VisCent_ExStr_2,17Networks_LH_VisCent_ExStr_2,VisCent,VisCent
3,0.47059,0.070588,0.5352941666666667,17Networks_LH_VisCent_ExStr_3,17Networks_LH_VisCent_ExStr_3,VisCent,VisCent
4,0.47059,0.070588,0.5352941666666667,17Networks_LH_VisCent_ExStr_4,17Networks_LH_VisCent_ExStr_4,VisCent,VisCent
5,0.47059,0.070588,0.5352941666666667,17Networks_LH_VisCent_ExStr_5,17Networks_LH_VisCent_ExStr_5,VisCent,VisCent
6,0.47059,0.070588,0.5352941666666667,17Networks_LH_VisCent_ExStr_6,17Networks_LH_VisCent_ExStr_6,VisCent,VisCent
7,0.47059,0.070588,0.5352941666666667,17Networks_LH_VisCent_Striate_1,17Networks_LH_VisCent_ExStr_7,VisCent,VisCent
8,0.47059,0.070588,0.5352941666666667,17Networks_LH_VisCent_ExStr_7,17Networks_LH_VisCent_ExStr_8,VisCent,VisCent
9,0.47059,0.070588,0.5352941666666667,17Networks_LH_VisCent_ExStr_8,17Networks_LH_VisCent_ExStr_9,VisCent,VisCent
10,0.47059,0.070588,0.5352941666666667,17Networks_LH_VisCent_ExStr_9,17Networks_LH_VisCent_ExStr_10,VisCent,VisCent
11,0.47059,0.070588,0.5352941666666667,17Networks_LH_VisCent_ExStr_10,17Networks_LH_VisCent_ExStr_11,VisCent,VisCent
12,0.47059,0.07451,0.5352941666666667,17Networks_LH_VisCent_ExStr_11,17Networks_LH_VisCent_ExStr_12,VisCent,VisCent
13,1.0,0.0039216,0.013469747826086955,17Networks_LH_VisPeri_ExStrInf_1,17Networks_LH_VisPeri_ExStrSup_1,VisPeri,VisPeri
14,1.0,0.0039216,0.013469747826086955,17Networks_LH_VisPeri_ExStrInf_2,17Networks_LH_VisPeri_ExStrSup_2,VisPeri,VisPeri
15,1.0,0.0039216,0.013469747826086955,17Networks_LH_VisPeri_ExStrInf_3,17Networks_LH_VisPeri_ExStrSup_3,VisPeri,VisPeri
16,1.0,0.0039216,0.013469747826086955,17Networks_LH_VisPeri_ExStrInf_4,17Networks_LH_VisPeri_ExStrSup_4,VisPeri,VisPeri
17,1.0,0.0039216,0.013469747826086955,17Networks_LH_VisPeri_ExStrInf_5,17Networks_LH_VisPeri_ExStrSup_5,VisPeri,VisPeri
18,1.0,0.0039216,0.013469747826086955,17Networks_LH_VisPeri_StriCal_1,17Networks_LH_VisPeri_ExStrSup_6,VisPeri,VisPeri
19,1.0,0.0039216,0.013469747826086955,17Networks_LH_VisPeri_StriCal_2,17Networks_LH_VisPeri_ExStrSup_7,VisPeri,VisPeri
20,1.0,0.0078431,0.013469747826086955,17Networks_LH_VisPeri_ExStrSup_1,17Networks_LH_VisPeri_ExStrSup_8,VisPeri,VisPeri
21,1.0,0.0078431,0.013469747826086955,17Networks_LH_VisPeri_ExStrSup_2,17Networks_LH_VisPeri_ExStrSup_9,VisPeri,VisPeri
22,1.0,0.0078431,0.013469747826086955,17Networks_LH_VisPeri_ExStrSup_3,17Networks_LH_VisPeri_ExStrSup_10,VisPeri,VisPeri
23,1.0,0.0078431,0.013469747826086955,17Networks_LH_VisPeri_ExStrSup_4,17Networks_LH_VisPeri_ExStrSup_11,VisPeri,VisPeri
24,1.0,0.0078431,0.013469747826086955,17Networks_LH_VisPeri_ExStrSup_5,17Networks_LH_VisPeri_ExStrSup_12,VisPeri,VisPeri
25,0.27451,0.50588,0.7095020512820513,17Networks_LH_SomMotA_1,17Networks_LH_SomMotA_1,SomMotA,SomMotA
26,0.27451,0.5098,0.7095020512820513,17Networks_LH_SomMotA_2,17Networks_LH_SomMotA_2,SomMotA,SomMotA
27,0.27451,0.5098,0.7095020512820513,17Networks_LH_SomMotA_3,17Networks_LH_SomMotA_3,SomMotA,SomMotA
28,0.27451,0.5098,0.7095020512820513,17Networks_LH_SomMotA_4,17Networks_LH_SomMotA_4,SomMotA,SomMotA
29,0.27451,0.5098,0.7095020512820513,17Networks_LH_SomMotA_5,17Networks_LH_SomMotA_5,SomMotA,SomMotA
30,0.27451,0.5098,0.7095020512820513,17Networks_LH_SomMotA_6,17Networks_LH_SomMotA_6,SomMotA,SomMotA
31,0.27451,0.5098,0.7095020512820513,17Networks_LH_SomMotA_7,17Networks_LH_SomMotA_7,SomMotA,SomMotA
32,0.27451,0.5098,0.7095020512820513,17Networks_LH_SomMotA_8,17Networks_LH_SomMotA_8,SomMotA,SomMotA
33,0.27451,0.5098,0.7095020512820513,17Networks_LH_SomMotA_9,17Networks_LH_SomMotA_9,SomMotA,SomMotA
34,0.27451,0.5098,0.7095020512820513,17Networks_LH_SomMotA_10,17Networks_LH_SomMotA_10,SomMotA,SomMotA
35,0.27451,0.5098,0.7095020512820513,17Networks_LH_SomMotA_11,17Networks_LH_SomMotA_11,SomMotA,SomMotA
36,0.27451,0.5098,0.7095020512820513,17Networks_LH_SomMotA_12,17Networks_LH_SomMotA_12,SomMotA,SomMotA
37,0.27451,0.5098,0.7095020512820513,17Networks_LH_SomMotA_13,17Networks_LH_SomMotA_13,SomMotA,SomMotA
38,0.27451,0.5098,0.7095020512820513,17Networks_LH_SomMotA_14,17Networks_LH_SomMotA_14,SomMotA,SomMotA
39,0.27451,0.5098,0.7095020512820513,17Networks_LH_SomMotA_15,17Networks_LH_SomMotA_15,SomMotA,SomMotA
40,0.27451,0.51373,0.7095020512820513,17Networks_LH_SomMotA_16,17Networks_LH_SomMotA_16,SomMotA,SomMotA
41,0.27451,0.51373,0.7095020512820513,17Networks_LH_SomMotA_17,17Networks_LH_SomMotA_17,SomMotA,SomMotA
42,0.27451,0.51373,0.7095020512820513,17Networks_LH_SomMotA_18,17Networks_LH_SomMotA_18,SomMotA,SomMotA
43,0.27451,0.51373,0.7095020512820513,17Networks_LH_SomMotA_19,17Networks_LH_SomMotA_19,SomMotA,SomMotA
44,0.16863,0.8,0.6454148387096774,17Networks_LH_SomMotB_Aud_1,17Networks_LH_SomMotB_Aud_1,SomMotB,SomMotB
45,0.16863,0.8,0.6454148387096774,17Networks_LH_SomMotB_Aud_2,17Networks_LH_SomMotB_Aud_2,SomMotB,SomMotB
46,0.16863,0.8,0.6454148387096774,17Networks_LH_SomMotB_Ins_1,17Networks_LH_SomMotB_Aud_3,SomMotB,SomMotB
47,0.16863,0.8,0.6454148387096774,17Networks_LH_SomMotB_S2_1,17Networks_LH_SomMotB_Aud_4,SomMotB,SomMotB
48,0.16863,0.8,0.6454148387096774,17Networks_LH_SomMotB_S2_2,17Networks_LH_SomMotB_Aud_5,SomMotB,SomMotB
49,0.16863,0.8,0.6454148387096774,17Networks_LH_SomMotB_Aud_3,17Networks_LH_SomMotB_Aud_6,SomMotB,SomMotB
50,0.16863,0.8,0.6454148387096774,17Networks_LH_SomMotB_Aud_4,17Networks_LH_SomMotB_Aud_7,SomMotB,SomMotB
51,0.16863,0.8,0.6454148387096774,17Networks_LH_SomMotB_S2_3,17Networks_LH_SomMotB_Aud_8,SomMotB,SomMotB
52,0.16863,0.8,0.6454148387096774,17Networks_LH_SomMotB_S2_4,17Networks_LH_SomMotB_Aud_9,SomMotB,SomMotB
53,0.16863,0.8,0.6454148387096774,17Networks_LH_SomMotB_S2_5,17Networks_LH_SomMotB_Aud_10,SomMotB,SomMotB
54,0.16863,0.8,0.6454148387096774,17Networks_LH_SomMotB_S2_6,17Networks_LH_SomMotB_Aud_11,SomMotB,SomMotB
55,0.16863,0.8,0.6454148387096774,17Networks_LH_SomMotB_Cent_1,17Networks_LH_SomMotB_Aud_12,SomMotB,SomMotB
56,0.16863,0.8,0.6454148387096774,17Networks_LH_SomMotB_Cent_2,17Networks_LH_SomMotB_Aud_13,SomMotB,SomMotB
57,0.16863,0.80392,0.6454148387096774,17Networks_LH_SomMotB_Cent_3,17Networks_LH_SomMotB_Aud_14,SomMotB,SomMotB
58,0.16863,0.80392,0.6454148387096774,17Networks_LH_SomMotB_Cent_4,17Networks_LH_SomMotB_Aud_15,SomMotB,SomMotB
59,0.16863,0.80392,0.6454148387096774,17Networks_LH_SomMotB_Cent_5,17Networks_LH_SomMotB_Aud_16,SomMotB,SomMotB
60,0.2902,0.60784,0.24560629629629627,17Networks_LH_DorsAttnA_TempOcc_1,17Networks_LH_DorsAttnA_TempOcc_1,DorsAttnA,DorsAttnA
61,0.2902,0.60784,0.24560629629629627,17Networks_LH_DorsAttnA_TempOcc_2,17Networks_LH_DorsAttnA_TempOcc_2,DorsAttnA,DorsAttnA
62,0.2902,0.60784,0.24560629629629627,17Networks_LH_DorsAttnA_TempOcc_3,17Networks_LH_DorsAttnA_TempOcc_3,DorsAttnA,DorsAttnA
63,0.2902,0.60784,0.24560629629629627,17Networks_LH_DorsAttnA_TempOcc_4,17Networks_LH_DorsAttnA_TempOcc_4,DorsAttnA,DorsAttnA
64,0.2902,0.60784,0.24560629629629627,17Networks_LH_DorsAttnA_ParOcc_1,17Networks_LH_DorsAttnA_ParOcc_1,DorsAttnA,DorsAttnA
65,0.2902,0.61176,0.24560629629629627,17Networks_LH_DorsAttnA_ParOcc_2,17Networks_LH_DorsAttnA_SPL_1,DorsAttnA,DorsAttnA
66,0.2902,0.61176,0.24560629629629627,17Networks_LH_DorsAttnA_SPL_1,17Networks_LH_DorsAttnA_SPL_2,DorsAttnA,DorsAttnA
67,0.2902,0.61176,0.24560629629629627,17Networks_LH_DorsAttnA_SPL_2,17Networks_LH_DorsAttnA_SPL_3,DorsAttnA,DorsAttnA
68,0.2902,0.61176,0.24560629629629627,17Networks_LH_DorsAttnA_SPL_3,17Networks_LH_DorsAttnA_SPL_4,DorsAttnA,DorsAttnA
69,0.2902,0.61176,0.24560629629629627,17Networks_LH_DorsAttnA_SPL_4,17Networks_LH_DorsAttnA_SPL_5,DorsAttnA,DorsAttnA
70,0.2902,0.61176,0.24560629629629627,17Networks_LH_DorsAttnA_SPL_5,17Networks_LH_DorsAttnA_SPL_6,DorsAttnA,DorsAttnA
71,0.2902,0.61176,0.24560629629629627,17Networks_LH_DorsAttnA_SPL_6,17Networks_LH_DorsAttnA_SPL_7,DorsAttnA,DorsAttnA
72,0.2902,0.61176,0.24560629629629627,17Networks_LH_DorsAttnA_SPL_7,17Networks_LH_DorsAttnA_SPL_8,DorsAttnA,DorsAttnA
73,0.0,0.46275,0.06541179999999999,17Networks_LH_DorsAttnB_PostC_1,17Networks_LH_DorsAttnB_PostC_1,DorsAttnB,DorsAttnB
74,0.0,0.46275,0.06541179999999999,17Networks_LH_DorsAttnB_PostC_2,17Networks_LH_DorsAttnB_PostC_2,DorsAttnB,DorsAttnB
75,0.0,0.46275,0.06541179999999999,17Networks_LH_DorsAttnB_PostC_3,17Networks_LH_DorsAttnB_PostC_3,DorsAttnB,DorsAttnB
76,0.0,0.46275,0.06541179999999999,17Networks_LH_DorsAttnB_PostC_4,17Networks_LH_DorsAttnB_PostC_4,DorsAttnB,DorsAttnB
77,0.0,0.46275,0.06541179999999999,17Networks_LH_DorsAttnB_PostC_5,17Networks_LH_DorsAttnB_PostC_5,DorsAttnB,DorsAttnB
78,0.0,0.46275,0.06541179999999999,17Networks_LH_DorsAttnB_PostC_6,17Networks_LH_DorsAttnB_PostC_6,DorsAttnB,DorsAttnB
79,0.0,0.46275,0.06541179999999999,17Networks_LH_DorsAttnB_PostC_7,17Networks_LH_DorsAttnB_PostC_7,DorsAttnB,DorsAttnB
80,0.0,0.46275,0.06541179999999999,17Networks_LH_DorsAttnB_PostC_8,17Networks_LH_DorsAttnB_PostC_8,DorsAttnB,DorsAttnB
81,0.0,0.46275,0.06541179999999999,17Networks_LH_DorsAttnB_PostC_9,17Networks_LH_DorsAttnB_PostC_9,DorsAttnB,DorsAttnB
82,0.0,0.46667,0.06541179999999999,17Networks_LH_DorsAttnB_FEF_1,17Networks_LH_DorsAttnB_FEF_1,DorsAttnB,DorsAttnB
83,0.0,0.46667,0.06541179999999999,17Networks_LH_DorsAttnB_FEF_2,17Networks_LH_DorsAttnB_FEF_2,DorsAttnB,DorsAttnB
84,0.0,0.46667,0.06541179999999999,17Networks_LH_DorsAttnB_FEF_3,17Networks_LH_DorsAttnB_FEF_3,DorsAttnB,DorsAttnB
85,0.0,0.46667,0.06541179999999999,17Networks_LH_DorsAttnB_PrCv_1,17Networks_LH_DorsAttnB_PrCv_1,DorsAttnB,DorsAttnB
86,0.76863,0.22745,0.981315,17Networks_LH_SalVentAttnA_ParOper_1,17Networks_LH_SalVentAttnA_ParOper_1,SalVentAttnA,SalVentAttnA
87,0.76863,0.22745,0.981315,17Networks_LH_SalVentAttnA_ParOper_2,17Networks_LH_SalVentAttnA_ParOper_2,SalVentAttnA,SalVentAttnA
88,0.76863,0.22745,0.981315,17Networks_LH_SalVentAttnA_ParOper_3,17Networks_LH_SalVentAttnA_ParOper_3,SalVentAttnA,SalVentAttnA
89,0.76863,0.23137,0.981315,17Networks_LH_SalVentAttnA_Ins_1,17Networks_LH_SalVentAttnA_Ins_1,SalVentAttnA,SalVentAttnA
90,0.76863,0.23137,0.981315,17Networks_LH_SalVentAttnA_Ins_2,17Networks_LH_SalVentAttnA_Ins_2,SalVentAttnA,SalVentAttnA
91,0.76863,0.23137,0.981315,17Networks_LH_SalVentAttnA_Ins_3,17Networks_LH_SalVentAttnA_Ins_3,SalVentAttnA,SalVentAttnA
92,0.76863,0.23137,0.981315,17Networks_LH_SalVentAttnA_Ins_4,17Networks_LH_SalVentAttnA_Ins_4,SalVentAttnA,SalVentAttnA
93,0.76863,0.23137,0.981315,17Networks_LH_SalVentAttnA_FrOper_1,17Networks_LH_SalVentAttnA_Ins_5,SalVentAttnA,SalVentAttnA
94,0.76863,0.23137,0.981315,17Networks_LH_SalVentAttnA_FrOper_2,17Networks_LH_SalVentAttnA_Ins_6,SalVentAttnA,SalVentAttnA
95,0.75686,0.20392,0.981315,17Networks_LH_SalVentAttnA_ParMed_1,17Networks_LH_SalVentAttnA_ParMed_1,SalVentAttnA,SalVentAttnA
96,0.75686,0.20392,0.981315,17Networks_LH_SalVentAttnA_ParMed_2,17Networks_LH_SalVentAttnA_ParMed_2,SalVentAttnA,SalVentAttnA
97,0.75686,0.20392,0.981315,17Networks_LH_SalVentAttnA_ParMed_3,17Networks_LH_SalVentAttnA_ParMed_3,SalVentAttnA,SalVentAttnA
98,0.77255,0.22745,0.981315,17Networks_LH_SalVentAttnA_FrMed_1,17Networks_LH_SalVentAttnA_FrMed_1,SalVentAttnA,SalVentAttnA
99,0.77255,0.22745,0.981315,17Networks_LH_SalVentAttnA_FrMed_2,17Networks_LH_SalVentAttnA_FrMed_2,SalVentAttnA,SalVentAttnA
100,0.77255,0.22745,0.981315,17Networks_LH_SalVentAttnA_FrMed_3,17Networks_LH_SalVentAttnA_FrMed_3,SalVentAttnA,SalVentAttnA
101,1.0,0.6,0.8447535294117647,17Networks_LH_SalVentAttnB_PFCl_1,17Networks_LH_SalVentAttnB_PFCl_1,SalVentAttnB,SalVentAttnB
102,1.0,0.6,0.8447535294117647,17Networks_LH_SalVentAttnB_PFCl_2,17Networks_LH_SalVentAttnB_PFCl_2,SalVentAttnB,SalVentAttnB
103,1.0,0.6,0.8447535294117647,17Networks_LH_SalVentAttnB_PFCl_3,17Networks_LH_SalVentAttnB_PFCl_3,SalVentAttnB,SalVentAttnB
104,1.0,0.6,0.8447535294117647,17Networks_LH_SalVentAttnB_Ins_1,17Networks_LH_SalVentAttnB_PFCv_1,SalVentAttnB,SalVentAttnB
105,1.0,0.6,0.8447535294117647,17Networks_LH_SalVentAttnB_Ins_2,17Networks_LH_SalVentAttnB_PFCv_2,SalVentAttnB,SalVentAttnB
106,1.0,0.6,0.8447535294117647,17Networks_LH_SalVentAttnB_Ins_3,17Networks_LH_SalVentAttnB_PFCv_3,SalVentAttnB,SalVentAttnB
107,1.0,0.59608,0.8447535294117647,17Networks_LH_SalVentAttnB_OFC_1,17Networks_LH_SalVentAttnB_OFC_1,SalVentAttnB,SalVentAttnB
108,1.0,0.59216,0.8447535294117647,17Networks_LH_SalVentAttnB_PFCmp_1,17Networks_LH_SalVentAttnB_PFCmp_1,SalVentAttnB,SalVentAttnB
109,0.47843,0.52941,0.20641636363636362,17Networks_LH_LimbicB_OFC_1,17Networks_LH_Limbic_OFC_1,LimbicB,Limbic
110,0.47843,0.52941,0.20641636363636362,17Networks_LH_LimbicB_OFC_2,17Networks_LH_Limbic_OFC_2,LimbicB,Limbic
111,0.47843,0.52941,0.20641636363636362,17Networks_LH_LimbicB_OFC_3,17Networks_LH_Limbic_OFC_3,LimbicB,Limbic
112,0.47843,0.52941,0.20641636363636362,17Networks_LH_LimbicB_OFC_4,17Networks_LH_Limbic_OFC_4,LimbicB,Limbic
113,0.47843,0.52941,0.20641636363636362,17Networks_LH_LimbicB_OFC_5,17Networks_LH_Limbic_OFC_5,LimbicB,Limbic
114,0.86275,0.97255,0.6527907692307693,17Networks_LH_LimbicA_TempPole_1,17Networks_LH_Limbic_TempPole_1,LimbicA,Limbic
115,0.86275,0.97255,0.6527907692307693,17Networks_LH_LimbicA_TempPole_2,17Networks_LH_Limbic_TempPole_2,LimbicA,Limbic
116,0.86275,0.97255,0.6527907692307693,17Networks_LH_LimbicA_TempPole_3,17Networks_LH_Limbic_TempPole_3,LimbicA,Limbic
117,0.86275,0.97255,0.6527907692307693,17Networks_LH_LimbicA_TempPole_4,17Networks_LH_Limbic_TempPole_4,LimbicA,Limbic
118,0.86275,0.97255,0.6527907692307693,17Networks_LH_LimbicA_TempPole_5,17Networks_LH_Limbic_TempPole_5,LimbicA,Limbic
119,0.86275,0.97255,0.6527907692307693,17Networks_LH_LimbicA_TempPole_6,17Networks_LH_Limbic_TempPole_6,LimbicA,Limbic
120,0.86275,0.97255,0.6527907692307693,17Networks_LH_LimbicA_TempPole_7,17Networks_LH_Limbic_TempPole_7,LimbicA,Limbic
121,0.90196,0.58039,0.14166625000000002,17Networks_LH_ContA_Temp_1,17Networks_LH_ContA_Temp_1,ContA,ContA
122,0.90196,0.58039,0.14166625000000002,17Networks_LH_ContA_IPS_1,17Networks_LH_ContA_IPS_1,ContA,ContA
123,0.90196,0.58039,0.14166625000000002,17Networks_LH_ContA_IPS_2,17Networks_LH_ContA_IPS_2,ContA,ContA
124,0.90196,0.58039,0.14166625000000002,17Networks_LH_ContA_IPS_3,17Networks_LH_ContA_IPS_3,ContA,ContA
125,0.90196,0.58039,0.14166625000000002,17Networks_LH_ContA_IPS_4,17Networks_LH_ContA_IPS_4,ContA,ContA
126,0.90196,0.58039,0.14166625000000002,17Networks_LH_ContA_IPS_5,17Networks_LH_ContA_IPS_5,ContA,ContA
127,0.90196,0.58431,0.14166625000000002,17Networks_LH_ContA_PFCd_1,17Networks_LH_ContA_PFCd_1,ContA,ContA
128,0.90196,0.58431,0.14166625000000002,17Networks_LH_ContA_PFClv_1,17Networks_LH_ContA_PFCl_1,ContA,ContA
129,0.90196,0.58431,0.14166625000000002,17Networks_LH_ContA_PFClv_2,17Networks_LH_ContA_PFCl_2,ContA,ContA
130,0.90196,0.58431,0.14166625000000002,17Networks_LH_ContA_PFCl_1,17Networks_LH_ContA_PFCl_3,ContA,ContA
131,0.90196,0.58431,0.14166625000000002,17Networks_LH_ContA_PFCl_2,17Networks_LH_ContA_PFCl_4,ContA,ContA
132,0.90196,0.58431,0.14166625000000002,17Networks_LH_ContA_PFCl_3,17Networks_LH_ContA_PFCl_5,ContA,ContA
133,0.90588,0.58039,0.14166625000000002,17Networks_LH_ContA_Cingm_1,17Networks_LH_ContA_Cinga_1,ContA,ContA
134,0.52941,0.19608,0.2992944,17Networks_LH_ContB_Temp_1,17Networks_LH_ContB_Temp_1,ContB,ContB
135,0.52941,0.19608,0.2992944,17Networks_LH_ContB_Temp_2,17Networks_LH_ContB_Temp_2,ContB,ContB
136,0.52941,0.19608,0.2992944,17Networks_LH_ContB_IPL_1,17Networks_LH_ContB_IPL_1,ContB,ContB
137,0.52941,0.19608,0.2992944,17Networks_LH_ContB_IPL_2,17Networks_LH_ContB_IPL_2,ContB,ContB
138,0.52941,0.19608,0.2992944,17Networks_LH_ContB_IPL_3,17Networks_LH_ContB_IPL_3,ContB,ContB
139,0.52941,0.2,0.2992944,17Networks_LH_ContB_PFCd_1,17Networks_LH_ContB_PFCd_1,ContB,ContB
140,0.53333,0.19608,0.2992944,17Networks_LH_ContB_PFClv_1,17Networks_LH_ContB_PFClv_1,ContB,ContB
141,0.53333,0.19608,0.2992944,17Networks_LH_ContB_PFClv_2,17Networks_LH_ContB_PFClv_2,ContB,ContB
142,0.53333,0.19608,0.2992944,17Networks_LH_ContB_PFClv_3,17Networks_LH_ContB_PFClv_3,ContB,ContB
143,0.53333,0.19608,0.2992944,17Networks_LH_ContB_PFCmp_1,17Networks_LH_ContB_PFCmp_1,ContB,ContB
144,0.46667,0.54902,0.7016333333333332,17Networks_LH_ContC_pCun_1,17Networks_LH_ContC_pCun_1,ContC,ContC
145,0.46667,0.54902,0.7016333333333332,17Networks_LH_ContC_pCun_2,17Networks_LH_ContC_pCun_2,ContC,ContC
146,0.46667,0.54902,0.7016333333333332,17Networks_LH_ContC_pCun_3,17Networks_LH_ContC_pCun_3,ContC,ContC
147,0.46667,0.54902,0.7016333333333332,17Networks_LH_ContC_Cingp_1,17Networks_LH_ContC_Cingp_1,ContC,ContC
148,0.46667,0.54902,0.7016333333333332,17Networks_LH_ContC_Cingp_2,17Networks_LH_ContC_Cingp_2,ContC,ContC
149,1.0,1.0,0.013148785294117647,17Networks_LH_DefaultA_IPL_1,17Networks_LH_DefaultA_IPL_1,DefaultA,DefaultA
150,1.0,1.0,0.013148785294117647,17Networks_LH_DefaultA_IPL_2,17Networks_LH_DefaultA_IPL_2,DefaultA,DefaultA
151,1.0,1.0,0.013148785294117647,17Networks_LH_DefaultA_PFCd_1,17Networks_LH_DefaultA_PFCd_1,DefaultA,DefaultA
152,1.0,1.0,0.013148785294117647,17Networks_LH_DefaultA_PFCd_2,17Networks_LH_DefaultA_PFCd_2,DefaultA,DefaultA
153,1.0,1.0,0.013148785294117647,17Networks_LH_DefaultA_PFCd_3,17Networks_LH_DefaultA_PFCd_3,DefaultA,DefaultA
154,1.0,0.99608,0.013148785294117647,17Networks_LH_DefaultA_pCunPCC_1,17Networks_LH_DefaultA_PCC_1,DefaultA,DefaultA
155,1.0,0.99608,0.013148785294117647,17Networks_LH_DefaultA_pCunPCC_2,17Networks_LH_DefaultA_PCC_2,DefaultA,DefaultA
156,1.0,0.99608,0.013148785294117647,17Networks_LH_DefaultA_pCunPCC_3,17Networks_LH_DefaultA_PCC_3,DefaultA,DefaultA
157,1.0,0.99608,0.013148785294117647,17Networks_LH_DefaultA_pCunPCC_4,17Networks_LH_DefaultA_PCC_4,DefaultA,DefaultA
158,1.0,0.99608,0.013148785294117647,17Networks_LH_DefaultA_pCunPCC_5,17Networks_LH_DefaultA_PCC_5,DefaultA,DefaultA
159,1.0,0.99608,0.013148785294117647,17Networks_LH_DefaultA_pCunPCC_6,17Networks_LH_DefaultA_PCC_6,DefaultA,DefaultA
160,1.0,0.99608,0.013148785294117647,17Networks_LH_DefaultA_pCunPCC_7,17Networks_LH_DefaultA_PCC_7,DefaultA,DefaultA
161,0.99608,1.0,0.013148785294117647,17Networks_LH_DefaultA_PFCm_1,17Networks_LH_DefaultA_PFCm_1,DefaultA,DefaultA
162,0.99608,1.0,0.013148785294117647,17Networks_LH_DefaultA_PFCm_2,17Networks_LH_DefaultA_PFCm_2,DefaultA,DefaultA
163,0.99608,1.0,0.013148785294117647,17Networks_LH_DefaultA_PFCm_3,17Networks_LH_DefaultA_PFCm_3,DefaultA,DefaultA
164,0.99608,1.0,0.013148785294117647,17Networks_LH_DefaultA_PFCm_4,17Networks_LH_DefaultA_PFCm_4,DefaultA,DefaultA
165,0.99608,1.0,0.013148785294117647,17Networks_LH_DefaultA_PFCm_5,17Networks_LH_DefaultA_PFCm_5,DefaultA,DefaultA
166,0.99608,1.0,0.013148785294117647,17Networks_LH_DefaultA_PFCm_6,17Networks_LH_DefaultA_PFCm_6,DefaultA,DefaultA
167,0.80392,0.24314,0.316421875,17Networks_LH_DefaultB_Temp_1,17Networks_LH_DefaultB_Temp_1,DefaultB,DefaultB
168,0.80392,0.24314,0.316421875,17Networks_LH_DefaultB_Temp_2,17Networks_LH_DefaultB_Temp_2,DefaultB,DefaultB
169,0.80392,0.24314,0.316421875,17Networks_LH_DefaultB_Temp_3,17Networks_LH_DefaultB_Temp_3,DefaultB,DefaultB
170,0.80392,0.24314,0.316421875,17Networks_LH_DefaultB_Temp_4,17Networks_LH_DefaultB_Temp_4,DefaultB,DefaultB
171,0.80392,0.24314,0.316421875,17Networks_LH_DefaultB_Temp_5,17Networks_LH_DefaultB_Temp_5,DefaultB,DefaultB
172,0.80392,0.24314,0.316421875,17Networks_LH_DefaultB_Temp_6,17Networks_LH_DefaultB_Temp_6,DefaultB,DefaultB
173,0.80392,0.24314,0.316421875,17Networks_LH_DefaultB_IPL_1,17Networks_LH_DefaultB_IPL_1,DefaultB,DefaultB
174,0.80392,0.24314,0.316421875,17Networks_LH_DefaultB_IPL_2,17Networks_LH_DefaultB_IPL_2,DefaultB,DefaultB
175,0.80392,0.24706,0.316421875,17Networks_LH_DefaultB_PFCd_1,17Networks_LH_DefaultB_PFCd_1,DefaultB,DefaultB
176,0.80392,0.24706,0.316421875,17Networks_LH_DefaultB_PFCd_2,17Networks_LH_DefaultB_PFCd_2,DefaultB,DefaultB
177,0.80392,0.24706,0.316421875,17Networks_LH_DefaultB_PFCd_3,17Networks_LH_DefaultB_PFCd_3,DefaultB,DefaultB
178,0.80392,0.24706,0.316421875,17Networks_LH_DefaultB_PFCd_4,17Networks_LH_DefaultB_PFCd_4,DefaultB,DefaultB
179,0.80392,0.24706,0.316421875,17Networks_LH_DefaultB_PFCd_5,17Networks_LH_DefaultB_PFCd_5,DefaultB,DefaultB
180,0.80392,0.24706,0.316421875,17Networks_LH_DefaultB_PFCd_6,17Networks_LH_DefaultB_PFCd_6,DefaultB,DefaultB
181,0.80392,0.24706,0.316421875,17Networks_LH_DefaultB_PFCl_1,17Networks_LH_DefaultB_PFCl_1,DefaultB,DefaultB
182,0.80392,0.24706,0.316421875,17Networks_LH_DefaultB_PFCl_2,17Networks_LH_DefaultB_PFCl_2,DefaultB,DefaultB
183,0.80784,0.24314,0.316421875,17Networks_LH_DefaultB_PFCv_1,17Networks_LH_DefaultB_PFCv_1,DefaultB,DefaultB
184,0.80784,0.24314,0.316421875,17Networks_LH_DefaultB_PFCv_2,17Networks_LH_DefaultB_PFCv_2,DefaultB,DefaultB
185,0.80784,0.24314,0.316421875,17Networks_LH_DefaultB_PFCv_3,17Networks_LH_DefaultB_PFCv_3,DefaultB,DefaultB
186,0.80784,0.24314,0.316421875,17Networks_LH_DefaultB_PFCv_4,17Networks_LH_DefaultB_PFCv_4,DefaultB,DefaultB
187,0.80784,0.24314,0.316421875,17Networks_LH_DefaultB_PFCv_5,17Networks_LH_DefaultB_PFCv_5,DefaultB,DefaultB
188,0.0,0.0,0.5191576923076924,17Networks_LH_DefaultC_IPL_1,17Networks_LH_DefaultC_IPL_1,DefaultC,DefaultC
189,0.0,0.0,0.5191576923076924,17Networks_LH_DefaultC_Rsp_1,17Networks_LH_DefaultC_Rsp_1,DefaultC,DefaultC
190,0.0,0.0,0.5191576923076924,17Networks_LH_DefaultC_Rsp_2,17Networks_LH_DefaultC_Rsp_2,DefaultC,DefaultC
191,0.0,0.0,0.5191576923076924,17Networks_LH_DefaultC_Rsp_3,17Networks_LH_DefaultC_Rsp_3,DefaultC,DefaultC
192,0.0,0.0039216,0.5191576923076924,17Networks_LH_DefaultC_PHC_1,17Networks_LH_DefaultC_PHC_1,DefaultC,DefaultC
193,0.0,0.0039216,0.5191576923076924,17Networks_LH_DefaultC_PHC_2,17Networks_LH_DefaultC_PHC_2,DefaultC,DefaultC
194,0.0,0.0039216,0.5191576923076924,17Networks_LH_DefaultC_PHC_3,17Networks_LH_DefaultC_PHC_3,DefaultC,DefaultC
195,0.047059,0.18824,0.987010625,17Networks_LH_TempPar_1,17Networks_LH_TempPar_1,TempPar,TempPar
196,0.035294,0.16078,0.987010625,17Networks_LH_TempPar_2,17Networks_LH_TempPar_2,TempPar,TempPar
197,0.035294,0.16078,0.987010625,17Networks_LH_TempPar_3,17Networks_LH_TempPar_3,TempPar,TempPar
198,0.035294,0.16078,0.987010625,17Networks_LH_TempPar_4,17Networks_LH_TempPar_4,TempPar,TempPar
199,0.035294,0.16078,0.987010625,17Networks_LH_TempPar_5,17Networks_LH_TempPar_5,TempPar,TempPar
200,0.035294,0.16078,0.987010625,17Networks_LH_TempPar_6,17Networks_LH_TempPar_6,TempPar,TempPar
201,0.48627,0.07451,0.5352941666666667,17Networks_RH_VisCent_ExStr_1,17Networks_RH_VisCent_ExStr_1,VisCent,VisCent
202,0.48627,0.07451,0.5352941666666667,17Networks_RH_VisCent_ExStr_2,17Networks_RH_VisCent_ExStr_2,VisCent,VisCent
203,0.48627,0.07451,0.5352941666666667,17Networks_RH_VisCent_ExStr_3,17Networks_RH_VisCent_ExStr_3,VisCent,VisCent
204,0.48627,0.07451,0.5352941666666667,17Networks_RH_VisCent_ExStr_4,17Networks_RH_VisCent_ExStr_4,VisCent,VisCent
205,0.48627,0.07451,0.5352941666666667,17Networks_RH_VisCent_ExStr_5,17Networks_RH_VisCent_ExStr_5,VisCent,VisCent
206,0.48627,0.07451,0.5352941666666667,17Networks_RH_VisCent_ExStr_6,17Networks_RH_VisCent_ExStr_6,VisCent,VisCent
207,0.48627,0.07451,0.5352941666666667,17Networks_RH_VisCent_Striate_1,17Networks_RH_VisCent_ExStr_7,VisCent,VisCent
208,0.48627,0.07451,0.5352941666666667,17Networks_RH_VisCent_ExStr_7,17Networks_RH_VisCent_ExStr_8,VisCent,VisCent
209,0.48627,0.07451,0.5352941666666667,17Networks_RH_VisCent_ExStr_8,17Networks_RH_VisCent_ExStr_9,VisCent,VisCent
210,0.48627,0.07451,0.5352941666666667,17Networks_RH_VisCent_ExStr_9,17Networks_RH_VisCent_ExStr_10,VisCent,VisCent
211,0.48627,0.07451,0.5352941666666667,17Networks_RH_VisCent_ExStr_10,17Networks_RH_VisCent_ExStr_11,VisCent,VisCent
212,0.48627,0.078431,0.5352941666666667,17Networks_RH_VisCent_ExStr_11,17Networks_RH_VisCent_ExStr_12,VisCent,VisCent
213,0.98039,0.0,0.013469747826086955,17Networks_RH_VisPeri_ExStrInf_1,17Networks_RH_VisPeri_ExStrSup_1,VisPeri,VisPeri
214,0.98039,0.0,0.013469747826086955,17Networks_RH_VisPeri_ExStrInf_2,17Networks_RH_VisPeri_ExStrSup_2,VisPeri,VisPeri
215,0.98039,0.0,0.013469747826086955,17Networks_RH_VisPeri_ExStrInf_3,17Networks_RH_VisPeri_ExStrSup_3,VisPeri,VisPeri
216,0.98039,0.0,0.013469747826086955,17Networks_RH_VisPeri_ExStrInf_4,17Networks_RH_VisPeri_ExStrSup_4,VisPeri,VisPeri
217,0.98039,0.0,0.013469747826086955,17Networks_RH_VisPeri_ExStrInf_5,17Networks_RH_VisPeri_ExStrSup_5,VisPeri,VisPeri
218,0.98039,0.0,0.013469747826086955,17Networks_RH_VisPeri_StriCal_1,17Networks_RH_VisPeri_ExStrSup_6,VisPeri,VisPeri
219,0.98039,0.0,0.013469747826086955,17Networks_RH_VisPeri_StriCal_2,17Networks_RH_VisPeri_ExStrSup_7,VisPeri,VisPeri
220,0.98039,0.0,0.013469747826086955,17Networks_RH_VisPeri_ExStrSup_1,17Networks_RH_VisPeri_ExStrSup_8,VisPeri,VisPeri
221,0.98039,0.0039216,0.013469747826086955,17Networks_RH_VisPeri_ExStrSup_2,17Networks_RH_VisPeri_ExStrSup_9,VisPeri,VisPeri
222,0.98039,0.0039216,0.013469747826086955,17Networks_RH_VisPeri_ExStrSup_3,17Networks_RH_VisPeri_ExStrSup_10,VisPeri,VisPeri
223,0.98039,0.0039216,0.013469747826086955,17Networks_RH_VisPeri_ExStrSup_4,17Networks_RH_VisPeri_ExStrSup_11,VisPeri,VisPeri
224,0.2902,0.5098,0.7095020512820513,17Networks_RH_SomMotA_1,17Networks_RH_SomMotA_1,SomMotA,SomMotA
225,0.2902,0.51373,0.7095020512820513,17Networks_RH_SomMotA_2,17Networks_RH_SomMotA_2,SomMotA,SomMotA
226,0.2902,0.51373,0.7095020512820513,17Networks_RH_SomMotA_3,17Networks_RH_SomMotA_3,SomMotA,SomMotA
227,0.2902,0.51373,0.7095020512820513,17Networks_RH_SomMotA_4,17Networks_RH_SomMotA_4,SomMotA,SomMotA
228,0.2902,0.51373,0.7095020512820513,17Networks_RH_SomMotA_5,17Networks_RH_SomMotA_5,SomMotA,SomMotA
229,0.2902,0.51373,0.7095020512820513,17Networks_RH_SomMotA_6,17Networks_RH_SomMotA_6,SomMotA,SomMotA
230,0.2902,0.51373,0.7095020512820513,17Networks_RH_SomMotA_7,17Networks_RH_SomMotA_7,SomMotA,SomMotA
231,0.2902,0.51373,0.7095020512820513,17Networks_RH_SomMotA_8,17Networks_RH_SomMotA_8,SomMotA,SomMotA
232,0.2902,0.51373,0.7095020512820513,17Networks_RH_SomMotA_9,17Networks_RH_SomMotA_9,SomMotA,SomMotA
233,0.2902,0.51373,0.7095020512820513,17Networks_RH_SomMotA_10,17Networks_RH_SomMotA_10,SomMotA,SomMotA
234,0.2902,0.51373,0.7095020512820513,17Networks_RH_SomMotA_11,17Networks_RH_SomMotA_11,SomMotA,SomMotA
235,0.2902,0.51373,0.7095020512820513,17Networks_RH_SomMotA_12,17Networks_RH_SomMotA_12,SomMotA,SomMotA
236,0.2902,0.51373,0.7095020512820513,17Networks_RH_SomMotA_13,17Networks_RH_SomMotA_13,SomMotA,SomMotA
237,0.2902,0.51373,0.7095020512820513,17Networks_RH_SomMotA_14,17Networks_RH_SomMotA_14,SomMotA,SomMotA
238,0.2902,0.51373,0.7095020512820513,17Networks_RH_SomMotA_15,17Networks_RH_SomMotA_15,SomMotA,SomMotA
239,0.2902,0.51765,0.7095020512820513,17Networks_RH_SomMotA_16,17Networks_RH_SomMotA_16,SomMotA,SomMotA
240,0.2902,0.51765,0.7095020512820513,17Networks_RH_SomMotA_17,17Networks_RH_SomMotA_17,SomMotA,SomMotA
241,0.2902,0.51765,0.7095020512820513,17Networks_RH_SomMotA_18,17Networks_RH_SomMotA_18,SomMotA,SomMotA
242,0.2902,0.51765,0.7095020512820513,17Networks_RH_SomMotA_19,17Networks_RH_SomMotA_19,SomMotA,SomMotA
243,0.2902,0.51765,0.7095020512820513,17Networks_RH_SomMotA_20,17Networks_RH_SomMotA_20,SomMotA,SomMotA
244,0.18431,0.80392,0.6454148387096774,17Networks_RH_SomMotB_Aud_1,17Networks_RH_SomMotB_S2_1,SomMotB,SomMotB
245,0.18431,0.80392,0.6454148387096774,17Networks_RH_SomMotB_Aud_2,17Networks_RH_SomMotB_S2_2,SomMotB,SomMotB
246,0.18431,0.80392,0.6454148387096774,17Networks_RH_SomMotB_Ins_1,17Networks_RH_SomMotB_S2_3,SomMotB,SomMotB
247,0.18431,0.80392,0.6454148387096774,17Networks_RH_SomMotB_S2_1,17Networks_RH_SomMotB_S2_4,SomMotB,SomMotB
248,0.18431,0.80392,0.6454148387096774,17Networks_RH_SomMotB_S2_2,17Networks_RH_SomMotB_S2_5,SomMotB,SomMotB
249,0.18431,0.80392,0.6454148387096774,17Networks_RH_SomMotB_Aud_3,17Networks_RH_SomMotB_S2_6,SomMotB,SomMotB
250,0.18431,0.80392,0.6454148387096774,17Networks_RH_SomMotB_S2_3,17Networks_RH_SomMotB_S2_7,SomMotB,SomMotB
251,0.18431,0.80392,0.6454148387096774,17Networks_RH_SomMotB_S2_4,17Networks_RH_SomMotB_S2_8,SomMotB,SomMotB
252,0.18431,0.80392,0.6454148387096774,17Networks_RH_SomMotB_S2_5,17Networks_RH_SomMotB_S2_9,SomMotB,SomMotB
253,0.18431,0.80392,0.6454148387096774,17Networks_RH_SomMotB_S2_6,17Networks_RH_SomMotB_S2_10,SomMotB,SomMotB
254,0.18431,0.80392,0.6454148387096774,17Networks_RH_SomMotB_S2_7,17Networks_RH_SomMotB_S2_11,SomMotB,SomMotB
255,0.18431,0.80392,0.6454148387096774,17Networks_RH_SomMotB_S2_8,17Networks_RH_SomMotB_S2_12,SomMotB,SomMotB
256,0.18431,0.80392,0.6454148387096774,17Networks_RH_SomMotB_Cent_1,17Networks_RH_SomMotB_S2_13,SomMotB,SomMotB
257,0.18431,0.80784,0.6454148387096774,17Networks_RH_SomMotB_Cent_2,17Networks_RH_SomMotB_S2_14,SomMotB,SomMotB
258,0.18431,0.80784,0.6454148387096774,17Networks_RH_SomMotB_Cent_3,17Networks_RH_SomMotB_S2_15,SomMotB,SomMotB
259,0.30588,0.61176,0.24560629629629627,17Networks_RH_DorsAttnA_TempOcc_1,17Networks_RH_DorsAttnA_TempOcc_1,DorsAttnA,DorsAttnA
260,0.30588,0.61176,0.24560629629629627,17Networks_RH_DorsAttnA_TempOcc_2,17Networks_RH_DorsAttnA_TempOcc_2,DorsAttnA,DorsAttnA
261,0.30588,0.61176,0.24560629629629627,17Networks_RH_DorsAttnA_TempOcc_3,17Networks_RH_DorsAttnA_TempOcc_3,DorsAttnA,DorsAttnA
262,0.30588,0.61176,0.24560629629629627,17Networks_RH_DorsAttnA_ParOcc_1,17Networks_RH_DorsAttnA_TempOcc_4,DorsAttnA,DorsAttnA
263,0.30588,0.61176,0.24560629629629627,17Networks_RH_DorsAttnA_ParOcc_2,17Networks_RH_DorsAttnA_TempOcc_5,DorsAttnA,DorsAttnA
264,0.3098,0.60784,0.24560629629629627,17Networks_RH_DorsAttnA_ParOcc_3,17Networks_RH_DorsAttnA_SPL_1,DorsAttnA,DorsAttnA
265,0.3098,0.60784,0.24560629629629627,17Networks_RH_DorsAttnA_SPL_1,17Networks_RH_DorsAttnA_SPL_2,DorsAttnA,DorsAttnA
266,0.3098,0.60784,0.24560629629629627,17Networks_RH_DorsAttnA_SPL_2,17Networks_RH_DorsAttnA_SPL_3,DorsAttnA,DorsAttnA
267,0.3098,0.60784,0.24560629629629627,17Networks_RH_DorsAttnA_SPL_3,17Networks_RH_DorsAttnA_SPL_4,DorsAttnA,DorsAttnA
268,0.3098,0.60784,0.24560629629629627,17Networks_RH_DorsAttnA_SPL_4,17Networks_RH_DorsAttnA_SPL_5,DorsAttnA,DorsAttnA
269,0.3098,0.60784,0.24560629629629627,17Networks_RH_DorsAttnA_SPL_5,17Networks_RH_DorsAttnA_SPL_6,DorsAttnA,DorsAttnA
270,0.3098,0.60784,0.24560629629629627,17Networks_RH_DorsAttnA_SPL_6,17Networks_RH_DorsAttnA_SPL_7,DorsAttnA,DorsAttnA
271,0.3098,0.60784,0.24560629629629627,17Networks_RH_DorsAttnA_SPL_7,17Networks_RH_DorsAttnA_SPL_8,DorsAttnA,DorsAttnA
272,0.3098,0.60784,0.24560629629629627,17Networks_RH_DorsAttnA_SPL_8,17Networks_RH_DorsAttnA_SPL_9,DorsAttnA,DorsAttnA
273,0.019608,0.46275,0.06541179999999999,17Networks_RH_DorsAttnB_TempOcc_1,17Networks_RH_DorsAttnB_TempOcc_1,DorsAttnB,DorsAttnB
274,0.019608,0.46275,0.06541179999999999,17Networks_RH_DorsAttnB_PostC_1,17Networks_RH_DorsAttnB_PostC_1,DorsAttnB,DorsAttnB
275,0.019608,0.46275,0.06541179999999999,17Networks_RH_DorsAttnB_PostC_2,17Networks_RH_DorsAttnB_PostC_2,DorsAttnB,DorsAttnB
276,0.019608,0.46275,0.06541179999999999,17Networks_RH_DorsAttnB_PostC_3,17Networks_RH_DorsAttnB_PostC_3,DorsAttnB,DorsAttnB
277,0.019608,0.46275,0.06541179999999999,17Networks_RH_DorsAttnB_PostC_4,17Networks_RH_DorsAttnB_PostC_4,DorsAttnB,DorsAttnB
278,0.019608,0.46275,0.06541179999999999,17Networks_RH_DorsAttnB_PostC_5,17Networks_RH_DorsAttnB_PostC_5,DorsAttnB,DorsAttnB
279,0.019608,0.46275,0.06541179999999999,17Networks_RH_DorsAttnB_PostC_6,17Networks_RH_DorsAttnB_PostC_6,DorsAttnB,DorsAttnB
280,0.019608,0.46275,0.06541179999999999,17Networks_RH_DorsAttnB_PostC_7,17Networks_RH_DorsAttnB_PostC_7,DorsAttnB,DorsAttnB
281,0.019608,0.46275,0.06541179999999999,17Networks_RH_DorsAttnB_PostC_8,17Networks_RH_DorsAttnB_PostC_8,DorsAttnB,DorsAttnB
282,0.019608,0.46667,0.06541179999999999,17Networks_RH_DorsAttnB_FEF_1,17Networks_RH_DorsAttnB_FEF_1,DorsAttnB,DorsAttnB
283,0.019608,0.46667,0.06541179999999999,17Networks_RH_DorsAttnB_FEF_2,17Networks_RH_DorsAttnB_FEF_2,DorsAttnB,DorsAttnB
284,0.019608,0.46667,0.06541179999999999,17Networks_RH_DorsAttnB_FEF_3,17Networks_RH_DorsAttnB_FEF_3,DorsAttnB,DorsAttnB
285,0.78431,0.22745,0.981315,17Networks_RH_SalVentAttnA_ParOper_1,17Networks_RH_SalVentAttnA_ParOper_1,SalVentAttnA,SalVentAttnA
286,0.78431,0.22745,0.981315,17Networks_RH_SalVentAttnA_ParOper_2,17Networks_RH_SalVentAttnA_ParOper_2,SalVentAttnA,SalVentAttnA
287,0.78431,0.22745,0.981315,17Networks_RH_SalVentAttnA_ParOper_3,17Networks_RH_SalVentAttnA_ParOper_3,SalVentAttnA,SalVentAttnA
288,0.78431,0.22353,0.981315,17Networks_RH_SalVentAttnA_PrC_1,17Networks_RH_SalVentAttnA_PrC_1,SalVentAttnA,SalVentAttnA
289,0.78039,0.22745,0.981315,17Networks_RH_SalVentAttnA_Ins_1,17Networks_RH_SalVentAttnA_Ins_1,SalVentAttnA,SalVentAttnA
290,0.78039,0.22745,0.981315,17Networks_RH_SalVentAttnA_Ins_2,17Networks_RH_SalVentAttnA_Ins_2,SalVentAttnA,SalVentAttnA
291,0.78039,0.22745,0.981315,17Networks_RH_SalVentAttnA_Ins_3,17Networks_RH_SalVentAttnA_Ins_3,SalVentAttnA,SalVentAttnA
292,0.78039,0.22745,0.981315,17Networks_RH_SalVentAttnA_Ins_4,17Networks_RH_SalVentAttnA_Ins_4,SalVentAttnA,SalVentAttnA
293,0.78039,0.22745,0.981315,17Networks_RH_SalVentAttnA_FrOper_1,17Networks_RH_SalVentAttnA_Ins_5,SalVentAttnA,SalVentAttnA
294,0.78039,0.22745,0.981315,17Networks_RH_SalVentAttnA_FrOper_2,17Networks_RH_SalVentAttnA_Ins_6,SalVentAttnA,SalVentAttnA
295,0.78039,0.22745,0.981315,17Networks_RH_SalVentAttnA_FrOper_3,17Networks_RH_SalVentAttnA_Ins_7,SalVentAttnA,SalVentAttnA
296,0.78039,0.22745,0.981315,17Networks_RH_SalVentAttnA_FrMed_1,17Networks_RH_SalVentAttnA_ParMed_1,SalVentAttnA,SalVentAttnA
297,0.78039,0.22745,0.981315,17Networks_RH_SalVentAttnA_ParMed_1,17Networks_RH_SalVentAttnA_ParMed_2,SalVentAttnA,SalVentAttnA
298,0.76863,0.2,0.981315,17Networks_RH_SalVentAttnA_ParMed_2,17Networks_RH_SalVentAttnA_ParMed_3,SalVentAttnA,SalVentAttnA
299,0.76863,0.20392,0.981315,17Networks_RH_SalVentAttnA_FrMed_2,17Networks_RH_SalVentAttnA_ParMed_4,SalVentAttnA,SalVentAttnA
300,0.76863,0.20392,0.981315,17Networks_RH_SalVentAttnA_ParMed_3,17Networks_RH_SalVentAttnA_ParMed_5,SalVentAttnA,SalVentAttnA
301,0.76863,0.20392,0.981315,17Networks_RH_SalVentAttnA_ParMed_4,17Networks_RH_SalVentAttnA_ParMed_6,SalVentAttnA,SalVentAttnA
302,0.76863,0.20392,0.981315,17Networks_RH_SalVentAttnA_FrMed_3,17Networks_RH_SalVentAttnA_ParMed_7,SalVentAttnA,SalVentAttnA
303,0.76863,0.20392,0.981315,17Networks_RH_SalVentAttnA_FrMed_4,17Networks_RH_SalVentAttnA_ParMed_8,SalVentAttnA,SalVentAttnA
304,0.98039,0.59608,0.8447535294117647,17Networks_RH_SalVentAttnB_IPL_1,17Networks_RH_SalVentAttnB_IPL_1,SalVentAttnB,SalVentAttnB
305,0.98039,0.59216,0.8447535294117647,17Networks_RH_SalVentAttnB_PFClv_1,17Networks_RH_SalVentAttnB_PFCl_1,SalVentAttnB,SalVentAttnB
306,0.98039,0.59216,0.8447535294117647,17Networks_RH_SalVentAttnB_PFCl_1,17Networks_RH_SalVentAttnB_PFCl_2,SalVentAttnB,SalVentAttnB
307,0.98039,0.59216,0.8447535294117647,17Networks_RH_SalVentAttnB_PFCl_2,17Networks_RH_SalVentAttnB_PFCl_3,SalVentAttnB,SalVentAttnB
308,0.98039,0.59216,0.8447535294117647,17Networks_RH_SalVentAttnB_PFCl_3,17Networks_RH_SalVentAttnB_PFCl_4,SalVentAttnB,SalVentAttnB
309,0.98039,0.59608,0.8447535294117647,17Networks_RH_SalVentAttnB_Ins_1,17Networks_RH_SalVentAttnB_PFCv_1,SalVentAttnB,SalVentAttnB
310,0.98039,0.59608,0.8447535294117647,17Networks_RH_SalVentAttnB_Ins_2,17Networks_RH_SalVentAttnB_PFCv_2,SalVentAttnB,SalVentAttnB
311,0.98039,0.6,0.8447535294117647,17Networks_RH_SalVentAttnB_PFCmp_1,17Networks_RH_SalVentAttnB_PFCmp_1,SalVentAttnB,SalVentAttnB
312,0.98039,0.6,0.8447535294117647,17Networks_RH_SalVentAttnB_PFCmp_2,17Networks_RH_SalVentAttnB_PFCmp_2,SalVentAttnB,SalVentAttnB
313,0.49412,0.52941,0.20641636363636362,17Networks_RH_LimbicB_OFC_1,17Networks_RH_Limbic_OFC_1,LimbicB,Limbic
314,0.49412,0.52941,0.20641636363636362,17Networks_RH_LimbicB_OFC_2,17Networks_RH_Limbic_OFC_2,LimbicB,Limbic
315,0.49412,0.52941,0.20641636363636362,17Networks_RH_LimbicB_OFC_3,17Networks_RH_Limbic_OFC_3,LimbicB,Limbic
316,0.49412,0.52941,0.20641636363636362,17Networks_RH_LimbicB_OFC_4,17Networks_RH_Limbic_OFC_4,LimbicB,Limbic
317,0.49412,0.52941,0.20641636363636362,17Networks_RH_LimbicB_OFC_5,17Networks_RH_Limbic_OFC_5,LimbicB,Limbic
318,0.49412,0.52941,0.20641636363636362,17Networks_RH_LimbicB_OFC_6,17Networks_RH_Limbic_OFC_6,LimbicB,Limbic
319,0.87843,0.97255,0.6527907692307693,17Networks_RH_LimbicA_TempPole_1,17Networks_RH_Limbic_TempPole_1,LimbicA,Limbic
320,0.87843,0.97255,0.6527907692307693,17Networks_RH_LimbicA_TempPole_2,17Networks_RH_Limbic_TempPole_2,LimbicA,Limbic
321,0.87843,0.97255,0.6527907692307693,17Networks_RH_LimbicA_TempPole_3,17Networks_RH_Limbic_TempPole_3,LimbicA,Limbic
322,0.87843,0.97255,0.6527907692307693,17Networks_RH_LimbicA_TempPole_4,17Networks_RH_Limbic_TempPole_4,LimbicA,Limbic
323,0.87843,0.97255,0.6527907692307693,17Networks_RH_LimbicA_TempPole_5,17Networks_RH_Limbic_TempPole_5,LimbicA,Limbic
324,0.87843,0.97255,0.6527907692307693,17Networks_RH_LimbicA_TempPole_6,17Networks_RH_Limbic_TempPole_6,LimbicA,Limbic
325,0.91765,0.57647,0.14166625000000002,17Networks_RH_ContA_IPS_1,17Networks_RH_ContA_IPS_1,ContA,ContA
326,0.91765,0.57647,0.14166625000000002,17Networks_RH_ContA_IPS_2,17Networks_RH_ContA_IPS_2,ContA,ContA
327,0.91765,0.57647,0.14166625000000002,17Networks_RH_ContA_IPS_3,17Networks_RH_ContA_IPS_3,ContA,ContA
328,0.91765,0.57647,0.14166625000000002,17Networks_RH_ContA_IPS_4,17Networks_RH_ContA_IPS_4,ContA,ContA
329,0.91765,0.57647,0.14166625000000002,17Networks_RH_ContA_PFCd_1,17Networks_RH_ContA_PFCd_1,ContA,ContA
330,0.91373,0.58039,0.14166625000000002,17Networks_RH_ContA_PFCl_1,17Networks_RH_ContA_PFCl_1,ContA,ContA
331,0.91373,0.58039,0.14166625000000002,17Networks_RH_ContA_PFCl_2,17Networks_RH_ContA_PFCl_2,ContA,ContA
332,0.91373,0.58039,0.14166625000000002,17Networks_RH_ContA_PFCl_3,17Networks_RH_ContA_PFCl_3,ContA,ContA
333,0.91373,0.58039,0.14166625000000002,17Networks_RH_ContA_PFCl_4,17Networks_RH_ContA_PFCl_4,ContA,ContA
334,0.91373,0.58039,0.14166625000000002,17Networks_RH_ContA_PFCl_5,17Networks_RH_ContA_PFCl_5,ContA,ContA
335,0.91373,0.58039,0.14166625000000002,17Networks_RH_ContA_Cingm_1,17Networks_RH_ContA_Cinga_1,ContA,ContA
336,0.54902,0.2,0.2992944,17Networks_RH_ContB_Temp_1,17Networks_RH_ContB_Temp_1,ContB,ContB
337,0.54902,0.2,0.2992944,17Networks_RH_ContB_Temp_2,17Networks_RH_ContB_Temp_2,ContB,ContB
338,0.5451,0.19608,0.2992944,17Networks_RH_ContB_IPL_1,17Networks_RH_ContB_IPL_1,ContB,ContB
339,0.5451,0.19608,0.2992944,17Networks_RH_ContB_IPL_2,17Networks_RH_ContB_IPL_2,ContB,ContB
340,0.5451,0.19608,0.2992944,17Networks_RH_ContB_IPL_3,17Networks_RH_ContB_IPL_3,ContB,ContB
341,0.5451,0.19608,0.2992944,17Networks_RH_ContB_IPL_4,17Networks_RH_ContB_IPL_4,ContB,ContB
342,0.5451,0.19216,0.2992944,17Networks_RH_ContB_PFCld_1,17Networks_RH_ContB_PFCld_1,ContB,ContB
343,0.5451,0.19216,0.2992944,17Networks_RH_ContB_PFCld_2,17Networks_RH_ContB_PFCld_2,ContB,ContB
344,0.5451,0.19216,0.2992944,17Networks_RH_ContB_PFCld_3,17Networks_RH_ContB_PFCld_3,ContB,ContB
345,0.5451,0.19216,0.2992944,17Networks_RH_ContB_PFCld_4,17Networks_RH_ContB_PFCld_4,ContB,ContB
346,0.5451,0.19216,0.2992944,17Networks_RH_ContB_PFClv_1,17Networks_RH_ContB_PFClv_1,ContB,ContB
347,0.5451,0.19216,0.2992944,17Networks_RH_ContB_PFClv_2,17Networks_RH_ContB_PFClv_2,ContB,ContB
348,0.5451,0.19216,0.2992944,17Networks_RH_ContB_PFClv_3,17Networks_RH_ContB_PFClv_3,ContB,ContB
349,0.5451,0.19608,0.2992944,17Networks_RH_ContB_PFClv_4,17Networks_RH_ContB_PFClv_4,ContB,ContB
350,0.54118,0.19608,0.2992944,17Networks_RH_ContB_PFCmp_1,17Networks_RH_ContB_PFCmp_1,ContB,ContB
351,0.48235,0.55294,0.7016333333333332,17Networks_RH_ContC_pCun_1,17Networks_RH_ContC_pCun_1,ContC,ContC
352,0.48235,0.55294,0.7016333333333332,17Networks_RH_ContC_pCun_2,17Networks_RH_ContC_pCun_2,ContC,ContC
353,0.48235,0.55294,0.7016333333333332,17Networks_RH_ContC_pCun_3,17Networks_RH_ContC_pCun_3,ContC,ContC
354,0.48235,0.55294,0.7016333333333332,17Networks_RH_ContC_pCun_4,17Networks_RH_ContC_pCun_4,ContC,ContC
355,0.48235,0.55294,0.7016333333333332,17Networks_RH_ContC_pCun_5,17Networks_RH_ContC_pCun_5,ContC,ContC
356,0.48235,0.55294,0.7016333333333332,17Networks_RH_ContC_Cingp_1,17Networks_RH_ContC_Cingp_1,ContC,ContC
357,0.48235,0.55294,0.7016333333333332,17Networks_RH_ContC_Cingp_2,17Networks_RH_ContC_Cingp_2,ContC,ContC
358,0.98039,1.0,0.013148785294117647,17Networks_RH_DefaultA_Temp_1,17Networks_RH_DefaultA_Temp_1,DefaultA,DefaultA
359,0.98431,0.99608,0.013148785294117647,17Networks_RH_DefaultA_IPL_1,17Networks_RH_DefaultA_IPL_1,DefaultA,DefaultA
360,0.98431,0.99608,0.013148785294117647,17Networks_RH_DefaultA_IPL_2,17Networks_RH_DefaultA_IPL_2,DefaultA,DefaultA
361,0.98431,1.0,0.013148785294117647,17Networks_RH_DefaultA_PFCd_1,17Networks_RH_DefaultA_PFCd_1,DefaultA,DefaultA
362,0.98431,1.0,0.013148785294117647,17Networks_RH_DefaultA_PFCd_2,17Networks_RH_DefaultA_PFCd_2,DefaultA,DefaultA
363,0.98431,0.99216,0.013148785294117647,17Networks_RH_DefaultA_pCunPCC_1,17Networks_RH_DefaultA_PCC_1,DefaultA,DefaultA
364,0.98431,0.99216,0.013148785294117647,17Networks_RH_DefaultA_pCunPCC_2,17Networks_RH_DefaultA_PCC_2,DefaultA,DefaultA
365,0.98431,0.99216,0.013148785294117647,17Networks_RH_DefaultA_pCunPCC_3,17Networks_RH_DefaultA_PCC_3,DefaultA,DefaultA
366,0.98431,0.99216,0.013148785294117647,17Networks_RH_DefaultA_pCunPCC_4,17Networks_RH_DefaultA_PCC_4,DefaultA,DefaultA
367,0.98431,0.99216,0.013148785294117647,17Networks_RH_DefaultA_pCunPCC_5,17Networks_RH_DefaultA_PCC_5,DefaultA,DefaultA
368,0.97647,1.0,0.013148785294117647,17Networks_RH_DefaultA_PFCm_1,17Networks_RH_DefaultA_PFCm_1,DefaultA,DefaultA
369,0.97647,1.0,0.013148785294117647,17Networks_RH_DefaultA_PFCm_2,17Networks_RH_DefaultA_PFCm_2,DefaultA,DefaultA
370,0.97647,1.0,0.013148785294117647,17Networks_RH_DefaultA_PFCm_3,17Networks_RH_DefaultA_PFCm_3,DefaultA,DefaultA
371,0.97647,1.0,0.013148785294117647,17Networks_RH_DefaultA_PFCm_4,17Networks_RH_DefaultA_PFCm_4,DefaultA,DefaultA
372,0.97647,1.0,0.013148785294117647,17Networks_RH_DefaultA_PFCm_5,17Networks_RH_DefaultA_PFCm_5,DefaultA,DefaultA
373,0.97647,1.0,0.013148785294117647,17Networks_RH_DefaultA_PFCm_6,17Networks_RH_DefaultA_PFCm_6,DefaultA,DefaultA
374,0.82353,0.24314,0.316421875,17Networks_RH_DefaultB_Temp_1,17Networks_RH_DefaultB_Temp_1,DefaultB,DefaultB
375,0.82353,0.24314,0.316421875,17Networks_RH_DefaultB_Temp_2,17Networks_RH_DefaultB_Temp_2,DefaultB,DefaultB
376,0.82353,0.24706,0.316421875,17Networks_RH_DefaultB_AntTemp_1,17Networks_RH_DefaultB_AntTemp_1,DefaultB,DefaultB
377,0.82353,0.24706,0.316421875,17Networks_RH_DefaultB_PFCd_1,17Networks_RH_DefaultB_PFCd_1,DefaultB,DefaultB
378,0.82353,0.24706,0.316421875,17Networks_RH_DefaultB_PFCd_2,17Networks_RH_DefaultB_PFCd_2,DefaultB,DefaultB
379,0.82353,0.24706,0.316421875,17Networks_RH_DefaultB_PFCd_3,17Networks_RH_DefaultB_PFCd_3,DefaultB,DefaultB
380,0.82353,0.24706,0.316421875,17Networks_RH_DefaultB_PFCd_4,17Networks_RH_DefaultB_PFCd_4,DefaultB,DefaultB
381,0.82353,0.24706,0.316421875,17Networks_RH_DefaultB_PFCd_5,17Networks_RH_DefaultB_PFCd_5,DefaultB,DefaultB
382,0.81961,0.24314,0.316421875,17Networks_RH_DefaultB_PFCv_1,17Networks_RH_DefaultB_PFCv_1,DefaultB,DefaultB
383,0.81961,0.24314,0.316421875,17Networks_RH_DefaultB_PFCv_2,17Networks_RH_DefaultB_PFCv_2,DefaultB,DefaultB
384,0.81961,0.24314,0.316421875,17Networks_RH_DefaultB_PFCv_3,17Networks_RH_DefaultB_PFCv_3,DefaultB,DefaultB
385,0.015686,0.0039216,0.5191576923076924,17Networks_RH_DefaultC_IPL_1,17Networks_RH_DefaultC_IPL_1,DefaultC,DefaultC
386,0.015686,0.0039216,0.5191576923076924,17Networks_RH_DefaultC_IPL_2,17Networks_RH_DefaultC_IPL_2,DefaultC,DefaultC
387,0.019608,0.0,0.5191576923076924,17Networks_RH_DefaultC_Rsp_1,17Networks_RH_DefaultC_Rsp_1,DefaultC,DefaultC
388,0.019608,0.0,0.5191576923076924,17Networks_RH_DefaultC_Rsp_2,17Networks_RH_DefaultC_Rsp_2,DefaultC,DefaultC
389,0.019608,0.0,0.5191576923076924,17Networks_RH_DefaultC_PHC_1,17Networks_RH_DefaultC_PHC_1,DefaultC,DefaultC
390,0.019608,0.0,0.5191576923076924,17Networks_RH_DefaultC_PHC_2,17Networks_RH_DefaultC_PHC_2,DefaultC,DefaultC
391,0.062745,0.18824,0.987010625,17Networks_RH_TempPar_1,17Networks_RH_TempPar_1,TempPar,TempPar
392,0.062745,0.18824,0.987010625,17Networks_RH_TempPar_2,17Networks_RH_TempPar_2,TempPar,TempPar
393,0.062745,0.18824,0.987010625,17Networks_RH_TempPar_3,17Networks_RH_TempPar_3,TempPar,TempPar
394,0.062745,0.18824,0.987010625,17Networks_RH_TempPar_4,17Networks_RH_TempPar_4,TempPar,TempPar
395,0.05098,0.16078,0.987010625,17Networks_RH_TempPar_5,17Networks_RH_TempPar_5,TempPar,TempPar
396,0.05098,0.16078,0.987010625,17Networks_RH_TempPar_6,17Networks_RH_TempPar_6,TempPar,TempPar
397,0.05098,0.16078,0.987010625,17Networks_RH_TempPar_7,17Networks_RH_TempPar_7,TempPar,TempPar
398,0.05098,0.16078,0.987010625,17Networks_RH_TempPar_8,17Networks_RH_TempPar_8,TempPar,TempPar
399,0.05098,0.16078,0.987010625,17Networks_RH_TempPar_9,17Networks_RH_TempPar_9,TempPar,TempPar
400,0.05098,0.16471,0.987010625,17Networks_RH_TempPar_10,17Networks_RH_TempPar_10,TempPar,TempPar
401,0.59765625,0.99609375,0.99609375,FreeSurfer_Left-Thalamus,FreeSurfer_Left-Thalamus,Sub-Cortical,Sub-Cortical
402,0.59765625,0.99609375,0.99609375,FreeSurfer_Left-Caudate,FreeSurfer_Left-Caudate,Sub-Cortical,Sub-Cortical
403,0.59765625,0.99609375,0.99609375,FreeSurfer_Left-Putamen,FreeSurfer_Left-Putamen,Sub-Cortical,Sub-Cortical
404,0.59765625,0.99609375,0.99609375,FreeSurfer_Left-Pallidum,FreeSurfer_Left-Pallidum,Sub-Cortical,Sub-Cortical
405,0.59765625,0.99609375,0.99609375,FreeSurfer_Brain-Stem,FreeSurfer_Brain-Stem,Sub-Cortical,Sub-Cortical
406,0.59765625,0.99609375,0.99609375,FreeSurfer_Left-Hippocampus,FreeSurfer_Left-Hippocampus,Sub-Cortical,Sub-Cortical
407,0.59765625,0.99609375,0.99609375,FreeSurfer_Left-Amygdala,FreeSurfer_Left-Amygdala,Sub-Cortical,Sub-Cortical
408,0.59765625,0.99609375,0.99609375,FreeSurfer_Left-Accumbens-area,FreeSurfer_Left-Accumbens-area,Sub-Cortical,Sub-Cortical
409,0.59765625,0.99609375,0.99609375,FreeSurfer_Left-VentralDC,FreeSurfer_Left-VentralDC,Sub-Cortical,Sub-Cortical
410,0.59765625,0.99609375,0.99609375,FreeSurfer_Right-Thalamus,FreeSurfer_Right-Thalamus,Sub-Cortical,Sub-Cortical
411,0.59765625,0.99609375,0.99609375,FreeSurfer_Right-Caudate,FreeSurfer_Right-Caudate,Sub-Cortical,Sub-Cortical
412,0.59765625,0.99609375,0.99609375,FreeSurfer_Right-Putamen,FreeSurfer_Right-Putamen,Sub-Cortical,Sub-Cortical
413,0.59765625,0.99609375,0.99609375,FreeSurfer_Right-Pallidum,FreeSurfer_Right-Pallidum,Sub-Cortical,Sub-Cortical
414,0.59765625,0.99609375,0.99609375,FreeSurfer_Right-Hippocampus,FreeSurfer_Right-Hippocampus,Sub-Cortical,Sub-Cortical
415,0.59765625,0.99609375,0.99609375,FreeSurfer_Right-Amygdala,FreeSurfer_Right-Amygdala,Sub-Cortical,Sub-Cortical
416,0.59765625,0.99609375,0.99609375,FreeSurfer_Right-Accumbens-area,FreeSurfer_Right-Accumbens-area,Sub-Cortical,Sub-Cortical
417,0.59765625,0.99609375,0.99609375,FreeSurfer_Right-VentralDC,FreeSurfer_Right-VentralDC,Sub-Cortical,Sub-Cortical
418,0.390625,0.1953125,0.0,Buckner2011_17Networks_1,Buckner2011_17Networks_1,Cerebellum,Cerebellum
419,0.390625,0.1953125,0.0,Buckner2011_17Networks_2,Buckner2011_17Networks_2,Cerebellum,Cerebellum
420,0.390625,0.1953125,0.0,Buckner2011_17Networks_3,Buckner2011_17Networks_3,Cerebellum,Cerebellum
421,0.390625,0.1953125,0.0,Buckner2011_17Networks_4,Buckner2011_17Networks_4,Cerebellum,Cerebellum
422,0.390625,0.1953125,0.0,Buckner2011_17Networks_5,Buckner2011_17Networks_5,Cerebellum,Cerebellum
423,0.390625,0.1953125,0.0,Buckner2011_17Networks_6,Buckner2011_17Networks_6,Cerebellum,Cerebellum
424,0.390625,0.1953125,0.0,Buckner2011_17Networks_7,Buckner2011_17Networks_7,Cerebellum,Cerebellum
425,0.390625,0.1953125,0.0,Buckner2011_17Networks_8,Buckner2011_17Networks_8,Cerebellum,Cerebellum
426,0.390625,0.1953125,0.0,Buckner2011_17Networks_9,Buckner2011_17Networks_9,Cerebellum,Cerebellum
427,0.390625,0.1953125,0.0,Buckner2011_17Networks_10,Buckner2011_17Networks_10,Cerebellum,Cerebellum
428,0.390625,0.1953125,0.0,Buckner2011_17Networks_11,Buckner2011_17Networks_11,Cerebellum,Cerebellum
429,0.390625,0.1953125,0.0,Buckner2011_17Networks_12,Buckner2011_17Networks_12,Cerebellum,Cerebellum
430,0.390625,0.1953125,0.0,Buckner2011_17Networks_13,Buckner2011_17Networks_13,Cerebellum,Cerebellum
431,0.390625,0.1953125,0.0,Buckner2011_17Networks_14,Buckner2011_17Networks_14,Cerebellum,Cerebellum
432,0.390625,0.1953125,0.0,Buckner2011_17Networks_15,Buckner2011_17Networks_15,Cerebellum,Cerebellum
433,0.390625,0.1953125,0.0,Buckner2011_17Networks_16,Buckner2011_17Networks_16,Cerebellum,Cerebellum
434,0.390625,0.1953125,0.0,Buckner2011_17Networks_17,Buckner2011_17Networks_17,Cerebellum,Cerebellum
435,0.59765625,0.99609375,0.99609375,lamygdala,lamygdala,Sub-Cortical,Sub-Cortical
436,0.59765625,0.99609375,0.99609375,lventralstriatum,lventralstriatum,Sub-Cortical,Sub-Cortical
437,0.59765625,0.99609375,0.99609375,ramygdala,ramygdala,Sub-Cortical,Sub-Cortical
438,0.59765625,0.99609375,0.99609375,rventralstriatum,rventralstriatum,Sub-Cortical,Sub-Cortical
